N,Wide_Area,Narrow_Area,Wide_Error_%,Narrow_Error_%
100,1.361099033699941,0.9875,44.1052692338008,4.550770990959139
600,1.247674114224946,0.985416666666667,32.096496797650744,4.3301997441428055
1100,1.03408173339541,0.963636363636364,9.482574677627916,2.0242276183352996
1600,0.941831920640584,0.95390625,0.28430030696821146,0.9940596360451714
2100,0.92591770999996,0.942857142857143,1.969204602856573,0.17575572653448793
2600,0.92360291572496,0.943269230769231,2.2142815913494456,0.13212624914222743
3100,0.928307175058024,0.941532258064516,1.7162219050575453,0.31602684202141756
3600,0.92360291572496,0.941666666666667,2.2142815913494456,0.30179643900096087
4100,0.950872321452398,0.942987804878049,0.6728448828469252,0.16192198980034594
4600,0.946851501704307,0.944836956521739,0.2471438148179766,0.033855458328254484
5100,0.939806475649959,0.941911764705883,0.4987426718994675,0.275846880551941
5600,0.944436064199959,0.936830357142857,0.008588694913734315,0.8138368333961523
6100,0.937150154350779,0.94016393442623,0.7799785603338761,0.4608970104750418
6600,0.922129864822687,0.940151515151515,2.370239674935847,0.4622118912311016
7100,0.921548943340101,0.939084507042254,2.431744271279727,0.5751805195620788
7600,0.935115971461144,0.939638157894737,0.9953460433191456,0.5165631793221759
8100,0.918201729083294,0.939197530864198,2.7861278978327366,0.5632142130055316
8600,0.92699435849996,0.938372093023256,1.855215305883146,0.6506067828036087
9100,0.93054729854996,0.940796703296703,1.47905062587084,0.3939031134957787
9600,0.933730140678085,0.938020833333333,1.1420697666931419,0.6877961209296796
10100,0.933710086767286,0.939975247524753,1.144192958425219,0.4808740849310573
10600,0.934609107372129,0.937853773584906,1.0490098724777783,0.7054834378912995
11100,0.938054739441851,0.940202702702703,0.6842063388670305,0.45679245027732995
11600,0.939527103927115,0.940301724137931,0.5283209291312757,0.4463086351910328
12100,0.938467338466075,0.941219008264463,0.6405227478870473,0.3491919135234968
12600,0.935948485191626,0.940873015873016,0.9072043193875492,0.3858235806453153
13100,0.940301240838509,0.941125954198473,0.44635980412996307,0.35904393817473834
13600,0.937900174482312,0.940808823529412,0.7005707800700601,0.39261989357241855
14100,0.940495988838257,0.940602836879433,0.42574101575263995,0.414428565034843
14600,0.936255010460918,0.939811643835617,0.8747512021898907,0.4981954943853743
15100,0.932294891578768,0.939403973509934,1.2940256146907871,0.5413572633578236
15600,0.931081481844191,0.940224358974359,1.4224943977570712,0.45449960987386673
16100,0.932358876678221,0.940295031055901,1.2872512435720538,0.4470172598862709
16600,0.935902003378875,0.941039156626506,0.9121255440560824,0.3682335615360538
17100,0.938100837763117,0.939766081871345,0.6793257160520937,0.5030193308334722
17600,0.934098403403653,0.939417613636364,1.1030802457965678,0.5399131259049911
18100,0.930317098014324,0.939779005524862,1.5034229230690872,0.5016510493760301
18600,0.929352566020928,0.939247311827957,1.6055419747703599,0.5579436933683951
19100,0.929456557792106,0.940314136125655,1.5945319293492164,0.4449945259393172
19600,0.930051271205317,0.939477040816327,1.5315671234050345,0.5336213208589667
20100,0.926263201682796,0.939365671641791,1.932625947857626,0.5454124429474407
20600,0.926906554156271,0.939199029126214,1.8645115203935712,0.5630555857154859
21100,0.925676357042377,0.938329383886256,1.9947576537894842,0.6551285784509081
21600,0.926303509045793,0.938310185185185,1.928358438107806,0.6571612255384927
22100,0.92822203009272,0.937217194570136,1.7252365600130188,0.7728807308440767
22600,0.930485843834694,0.93766592920354,1.4855570945919412,0.7253713112058653
23100,0.931809913609051,0.938365800865801,1.345372268511086,0.651272959930811
23600,0.934313743471993,0.938665254237288,1.0802812886621944,0.6195685742449341
24100,0.938730720634192,0.939470954356847,0.6126373719458742,0.53426571987794
24600,0.940992101985935,0.940091463414634,0.3732154338908873,0.46856982074021514
25100,0.948586093776652,0.939890438247012,0.43079236015314715,0.4898531992348644
25600,0.94638917186949,0.940185546875,0.19819501412710297,0.4586088097845072
26100,0.949863857672373,0.940948275862069,0.5660745884488844,0.3778554896273281
26600,0.94991847169338,0.940789473684211,0.571856804148318,0.39466854292363124
27100,0.950329820841103,0.941374538745388,0.6154080654555727,0.3327252485176219
27600,0.950021763428763,0.941711956521739,0.5827927338407642,0.2970014118963044
28100,0.948686718455831,0.941903914590748,0.4414459174077041,0.2766780051997756
28600,0.953177245378281,0.94222027972028,0.9168768560383942,0.24318310068612586
29100,0.95383842445099,0.942310996563574,0.9868786604078272,0.23357852761447853
29600,0.952178112619722,0.941891891891892,0.8110944760589834,0.27795089880461443
30100,0.949280982449959,0.94264950166113,0.5043631414666891,0.19773957173209247
30600,0.950291132072018,0.943055555555556,0.6113119230388386,0.15474894112336995
31100,0.95033097437938,0.943528938906752,0.6155301953960578,0.10462985824556469
31600,0.954984493807554,0.943868670886076,1.108217834927201,0.06866100723938814
32100,0.954344249040613,0.943886292834891,1.040432433401519,0.06679529753308266
32600,0.957302344035235,0.944210122699387,1.3536183699607325,0.0325100701883214
33100,0.958702470003584,0.94463746223565,1.5018555846193204,0.012734160688865351
33600,0.959192877703083,0.944791666666667,1.553777106728209,0.029060431223598093
34100,0.959383797318873,0.94450146627566,1.5739905680225283,0.0016643025704900438
34600,0.957321306320334,0.944400289017341,1.3556259866967852,0.012376363698598538
35100,0.955871543609788,0.944159544159544,1.2021335217433426,0.03786503255407878
35600,0.953916317157683,0.944417134831461,0.9951254882957526,0.01059282663103963
36100,0.951745940857853,0.944979224376732,0.7653386371689392,0.048917953443942334
36600,0.950697392976598,0.944467213114754,0.6543244706817052,0.005290828526539807
37100,0.949677107841468,0.944845013477089,0.546302599787057,0.03470848201805926
37600,0.949976795177353,0.945146276595745,0.5780317562660513,0.06660447323489214
38100,0.952310010080274,0.945111548556431,0.8250590139754093,0.06292766990801943
38600,0.954834647808378,0.945693005181347,1.0923530098702272,0.12448892401715696
39100,0.954559589034358,0.945748081841432,1.063231382638207,0.1303201212581605
39600,0.953554950737837,0.94564393939394,0.9568661082399165,0.1192941231030457
40100,0.952332918484747,0.945854114713217,0.8274844229372512,0.1415462665700678
40600,0.953056677362028,0.945751231527094,0.9041118139562732,0.13065359170305796
41100,0.950214601733171,0.946076642335767,0.6032093347546302,0.16510620024540124
41600,0.949544191951041,0.945823317307692,0.5322302364239287,0.13828561594509256
42100,0.948196917606372,0.945991686460808,0.38958864506040475,0.15611156507863674
42600,0.947109488573903,0.945833333333334,0.2744579678527161,0.13934605463181182
43100,0.946498433113184,0.945649651972158,0.20976296072724737,0.11989893774308635
43600,0.947016316534019,0.945699541284404,0.26459345281000807,0.12518092868944722
44100,0.947301999969007,0.945861678004535,0.2948399575060523,0.1423470239761716
44600,0.947581277945811,0.94588004484305,0.32440828945102296,0.14429159828240626
45100,0.948285500355724,0.946258314855876,0.3989672726464783,0.18434063269629572
45600,0.948547869820025,0.945860745614035,0.4267454293828401,0.14224830787931814
46100,0.948804547972736,0.945661605206074,0.4539210230663447,0.12116447680309018
46600,0.949472977064444,0.94543991416309,0.5246904173862067,0.09769311531877191
47100,0.949095140575118,0.945037154989385,0.4846872819253971,0.055051310625564814
47600,0.949950721149224,0.945194327731093,0.5752711894369563,0.07169184867552479
48100,0.950788514185406,0.945218295218295,0.663971855628033,0.07422938717242258
48600,0.952409244480514,0.945318930041152,0.83556537656165,0.08488401838075821
49100,0.952214904431629,0.945341140529532,0.8149897796549727,0.0872355360356619
49600,0.953004536556612,0.945236895161291,0.8985914479751724,0.07619864122873697
50100,0.952420025292174,0.945134730538922,0.8367067863550234,0.06538204372325028
50600,0.951654928559544,0.944664031620553,0.7557027830343933,0.015547173019358065
51100,0.952426860875301,0.9448385518591,0.8374304982396911,0.034024363392641865
51600,0.952430179312459,0.944476744186047,0.8377818351139684,0.00428173399281757
52100,0.950567381089594,0.944673704414588,0.6405595663533419,0.016571272334793347
52600,0.951882132476195,0.94467680608365,0.7797578155994833,0.016899659060661085
53100,0.952989032877077,0.944538606403013,0.8969500083310443,0.0022678786441523925
53600,0.951717301415724,0.944496268656717,0.7623064591888447,0.0022145963100444594
54100,0.951727024356336,0.944108133086876,0.7633358677329379,0.04330813866537412
54600,0.949421774946113,0.943956043956044,0.5192694341478525,0.05941045348849126
55100,0.951569495559215,0.944147005444646,0.7466576326015105,0.03919255894376373
55600,0.951230568258952,0.944581834532374,0.7107739763459381,0.0068446221916831345
56100,0.949857881806643,0.944830659536542,0.5654418984545414,0.033188770067727476
56600,0.95005537044351,0.945008833922262,0.5863508495901318,0.05205284034404664
57100,0.949057544889101,0.945074430823118,0.48070686880234526,0.05899785964441962
57600,0.949764913520532,0.9451171875,0.5555989556792434,0.06352468853861273
58100,0.950460107132489,0.945202237521515,0.6292020221279371,0.07252929139653212
58600,0.948986649532382,0.945008532423208,0.4732008797343445,0.052020919373370174
59100,0.947209117240061,0.945219966159053,0.2850060730270125,0.07440629668586775
59600,0.945624532401553,0.945511744966443,0.11723942333932205,0.10529814404935348
60100,0.947948697109776,0.94559068219634,0.363308498939016,0.11365555999429204
60600,0.946384158391791,0.945111386138614,0.1976642161941659,0.06291047405182983
61100,0.946595528580892,0.945621931260229,0.22004286554607932,0.11696402958653163
61600,0.947119121200527,0.945454545454546,0.275477814475712,0.09924219157427956
62100,0.945129384224355,0.945229468599034,0.0648160069536848,0.07541235990238207
62600,0.945345711790454,0.945127795527157,0.08771951462178598,0.06464780491123012
63100,0.946174911246473,0.944908874801902,0.17551034240109806,0.04146974859598156
63600,0.946838209202318,0.944791666666667,0.24573648182420524,0.029060431223598093
64100,0.94764283068389,0.944832293291732,0.33092513625888015,0.033361742588970345
64600,0.947833006882157,0.944446594427245,0.3510598888188238,0.007473815540099204
65100,0.948318944919314,0.944393241167435,0.4025081890098108,0.013122549158348009
65600,0.947019035860477,0.944416920731707,0.2648813593191333,0.010615494270879537
66100,0.945885874835133,0.94428895612708,0.14490884402128948,0.024163644218536697
66600,0.944039838152887,0.944144144144144,0.050538810061156056,0.0394954968409977
67100,0.943815105974177,0.944094634873324,0.07433214935291114,0.04473725120599515
67600,0.943737516815196,0.944138313609468,0.08254683937012246,0.040112800026488524
68100,0.944660405495334,0.94443832599119,0.015163259918239897,0.008349229580032615
68600,0.94415262000302,0.944624635568513,0.03859812207614294,0.011376147586660727
69100,0.945340542426081,0.944880607814761,0.08717221231218528,0.03847700398921611
69600,0.945254224245433,0.944773706896552,0.07803334412253239,0.027158954957935383
70100,0.945307826951172,0.945042796005706,0.08370848762856689,0.055648548707111556
70600,0.946875450801375,0.94507790368272,0.2496794062741804,0.0593655458711872
71100,0.947600593082238,0.945024613220816,0.32645326403860037,0.05372346093090041
71600,0.94655041539528,0.944972067039106,0.21526654317888966,0.0481601760595952
72100,0.946458699974231,0.94490291262136,0.20555624648782733,0.04083850750994733
72600,0.946903902724546,0.945161845730028,0.2526917308348955,0.06825284284800782
73100,0.946678026370547,0.945229138166895,0.2287772529014989,0.07537737566451778
73600,0.94645521898875,0.945023777173913,0.2051876999401252,0.05363494513515606
74100,0.94623541845421,0.945074224021593,0.18191649452202116,0.058975964698715834
74600,0.946409534922345,0.944922922252011,0.20035093602656842,0.04295701111684774
75100,0.946581332928854,0.944790279627164,0.21853991226477346,0.028913579527965846
75600,0.948294054658292,0.944808201058201,0.39987295257434735,0.03081099667447268
76100,0.947812439555084,0.94457950065703,0.3488823395502607,0.0065975250103054925
76600,0.947844795194998,0.944631201044387,0.3523079669921989,0.012071262082414873
77100,0.947372340206379,0.944601167315175,0.3022871737581285,0.008891465074966737
77600,0.947657685098155,0.944748711340206,0.33249783546295214,0.024512570464438933
78100,0.948312825930689,0.944734314980794,0.401860345993679,0.022988367450777713
78600,0.947722718666753,0.944767811704835,0.33938321241202934,0.02653480626005911
79100,0.949475350851729,0.945085335018964,0.5249417402123445,0.06015233263958749
79600,0.948518942544306,0.944833542713568,0.423682777252115,0.03349402412440919
80100,0.949395099126176,0.944803370786517,0.5164451530934449,0.030299595531531647
80600,0.950501629347353,0.945052729528536,0.6335981533454484,0.05670025247474759
81100,0.950155975084176,0.944805795314427,0.5970022852832022,0.030556290480674944
81600,0.950291132072018,0.944592524509804,0.6113119230388386,0.007976414983770226
82100,0.950661479253796,0.944381851400731,0.650522134065893,0.014328431578904378
82600,0.949614925967756,0.944415859564165,0.5397191437483222,0.010727844533839513
83100,0.949399919071259,0.944253910950662,0.5169554609157802,0.027874024182091683
83600,0.94942007101216,0.944348086124402,0.5190890315063249,0.017903303146421648
84100,0.95059600425638,0.94435196195006,0.6435900211945337,0.0174929532114671
84600,0.95129836212159,0.944208037825059,0.7179515972140474,0.032730804586708365
85100,0.952677928657362,0.944183313748531,0.8640120984275029,0.03534844637206534
85600,0.95324634427934,0.944319509345795,0.9241926468033015,0.020928846676347035
86100,0.954937326032886,0.944410569105691,1.1032239845905183,0.011287967584319958
86600,0.954700278999035,0.944616050808314,1.0781268198814158,0.010467242981525116
87100,0.954465953515516,0.944618254879449,1.053317797132313,0.010700597246311519
87600,0.954345286267596,0.944691780821918,1.0405422489769742,0.0184850974721059
88100,0.953894928433784,0.944551645856981,0.9928609742966095,0.003648420381527434
88600,0.953778845607859,0.944751693002257,0.9805707981454507,0.02482825154420655
89100,0.954864329317635,0.944991582491583,1.0954955158722444,0.05022635894841593
89600,0.954852638437459,0.944893973214286,1.0942577533041862,0.03989205495118285
90100,0.954733173472101,0.944811320754717,1.0816094958514306,0.031141292042580405
90600,0.954400410416846,0.944881346578367,1.046378474095263,0.038555219993856915
91100,0.954071300084481,0.9448682766191,1.011534181447319,0.037171448532406025
91600,0.953108961527251,0.944664301310044,0.9096473580420242,0.015575726178049896
92100,0.953212678324063,0.944774701411509,0.9206282907725614,0.027264248431869934
92600,0.953315275069073,0.944694924406048,0.9314906389163173,0.01881792192219907
93100,0.953207916189433,0.944401181525242,0.9201241035855986,0.012281870139947278
93600,0.952686228410856,0.944537927350428,0.8648908281761977,0.002195984495989891
94100,0.952170084604422,0.944553666312434,0.8102445163737787,0.003862334483156038
94600,0.950528915938595,0.944476744186047,0.6364870993222201,0.00428173399281757
95100,0.950234003172672,0.944374342797056,0.605263446611007,0.015123398974642484
95600,0.951264223044624,0.944416841004184,0.7143371498036997,0.010623935358476272
96100,0.952384889493923,0.944706035379813,0.8329868118775313,0.019994287363815512
96600,0.951984306401046,0.944591097308489,0.790575397997808,0.007825311188484663
97100,0.951988348714068,0.944644696189496,0.7910033746489823,0.013500049754086878
97600,0.952789245999703,0.944672131147541,0.8757977328238782,0.016404703947212936
98100,0.952491831432222,0.944686544342508,0.8443092038779729,0.01793068941176033
98600,0.952789043946866,0.944789553752536,0.8757763406417102,0.028836728133539484
99100,0.952592735853137,0.944538345105954,0.8549923785646076,0.0022402140274687815
99600,0.95259362233776,0.944590863453815,0.8550862344135299,0.00780055201232037
